emplid,courseno,instructorid,termid,sectionid,grade
E0013,3130,I18,T07,S02,W
E0035,3130,I18,T07,S02,A-
E0070,3130,I18,T07,S02,B
E0077,3130,I18,T07,S02,C
E0129,3130,I18,T07,S02,B
E0158,3130,I18,T07,S02,A-
E0188,3130,I18,T07,S02,C
E0214,3130,I18,T07,S02,C
E0232,3130,I18,T07,S02,B
E0235,3130,I18,T07,S02,C
E0275,3130,I18,T07,S02,F
E0290,3130,I18,T07,S02,A
E0305,3130,I18,T07,S02,B
E0336,3130,I18,T07,S02,A
E0357,3130,I18,T07,S02,C-
E0390,3130,I18,T07,S02,C
E0401,3130,I18,T07,S02,C
E0404,3130,I18,T07,S02,B
E0479,3130,I18,T07,S02,B
E0552,3130,I18,T07,S02,B-
E0575,3130,I18,T07,S02,D
E0591,3130,I18,T07,S02,C
E0701,3130,I18,T07,S02,B
E0789,3130,I18,T07,S02,WU
E0791,3130,I18,T07,S02,B+
E0866,3130,I18,T07,S02,B
E0880,3130,I18,T07,S02,B
E1860,3130,I18,T07,S02,A
E0080,3130,I19,T08,S14,B+
E0118,3130,I19,T08,S14,B-
E0134,3130,I19,T08,S14,A+
E0185,3130,I19,T08,S14,A+
E0212,3130,I19,T08,S14,A+
E0285,3130,I19,T08,S14,D
E0295,3130,I19,T08,S14,B-
E0301,3130,I19,T08,S14,F
E0402,3130,I19,T08,S14,A+
E0411,3130,I19,T08,S14,W
E0478,3130,I19,T08,S14,D
E0533,3130,I19,T08,S14,B-
E0568,3130,I19,T08,S14,F
E0581,3130,I19,T08,S14,B
E0752,3130,I19,T08,S14,B
E0766,3130,I19,T08,S14,B-
E0774,3130,I19,T08,S14,C
E0776,3130,I19,T08,S14,C
E0818,3130,I19,T08,S14,C+
E0835,3130,I19,T08,S14,B-
E0844,3130,I19,T08,S14,B+
E0852,3130,I19,T08,S14,W
E0856,3130,I19,T08,S14,C+
E0895,3130,I19,T08,S14,W
E1079,3130,I19,T08,S14,B-
E1146,3130,I19,T08,S14,D
E1168,3130,I19,T08,S14,B
E1220,3130,I19,T08,S14,C
E1278,3130,I19,T08,S14,A-
E1351,3130,I19,T08,S14,B+
E1378,3130,I19,T08,S14,F
E1383,3130,I19,T08,S14,A
E1386,3130,I19,T08,S14,B-
E1475,3130,I19,T08,S14,A+
E1516,3130,I19,T08,S14,C
E0038,3130,I07,T08,S26,A
E0183,3130,I07,T08,S26,C+
E0193,3130,I07,T08,S26,F
E0394,3130,I07,T08,S26,B+
E0488,3130,I07,T08,S26,C
E0636,3130,I07,T08,S26,C
E0699,3130,I07,T08,S26,A-
E0792,3130,I07,T08,S26,W
E0793,3130,I07,T08,S26,B
E0827,3130,I07,T08,S26,A
E0891,3130,I07,T08,S26,A+
E0898,3130,I07,T08,S26,A
E0912,3130,I07,T08,S26,A
E0978,3130,I07,T08,S26,C
E0993,3130,I07,T08,S26,B+
E1032,3130,I07,T08,S26,A
E1150,3130,I07,T08,S26,A-
E1160,3130,I07,T08,S26,A-
E1184,3130,I07,T08,S26,B
E1198,3130,I07,T08,S26,A
E1300,3130,I07,T08,S26,W
E1303,3130,I07,T08,S26,A+
E1468,3130,I07,T08,S26,A+
E1482,3130,I07,T08,S26,A
E1607,3130,I07,T08,S26,A
E1620,3130,I07,T08,S26,A
E0191,3130,I18,T08,S32,W
E0284,3130,I18,T08,S32,C
E0357,3130,I18,T08,S32,C
E0403,3130,I18,T08,S32,C
E0481,3130,I18,T08,S32,B-
E0540,3130,I18,T08,S32,B
E0569,3130,I18,T08,S32,WU
E0606,3130,I18,T08,S32,C
E0625,3130,I18,T08,S32,W
E0882,3130,I18,T08,S32,C
E0970,3130,I18,T08,S32,C
E0974,3130,I18,T08,S32,B-
E1041,3130,I18,T08,S32,B+
E1066,3130,I18,T08,S32,A-
E1077,3130,I18,T08,S32,F
E1279,3130,I18,T08,S32,F
E1285,3130,I18,T08,S32,A
E1306,3130,I18,T08,S32,WD
E1343,3130,I18,T08,S32,C
E1474,3130,I18,T08,S32,A
E1640,3130,I18,T08,S32,B+
E0247,3130,I17,T08,S35,A
E0250,3130,I17,T08,S35,B
E0254,3130,I17,T08,S35,F
E0424,3130,I17,T08,S35,A-
E0476,3130,I17,T08,S35,C
E0559,3130,I17,T08,S35,B
E0622,3130,I17,T08,S35,W
E0623,3130,I17,T08,S35,D
E0650,3130,I17,T08,S35,B
E0656,3130,I17,T08,S35,C
E0684,3130,I17,T08,S35,A
E0737,3130,I17,T08,S35,A
E0777,3130,I17,T08,S35,F
E0809,3130,I17,T08,S35,A
E0816,3130,I17,T08,S35,D
E0859,3130,I17,T08,S35,A
E0873,3130,I17,T08,S35,A
E0904,3130,I17,T08,S35,D
E0965,3130,I17,T08,S35,F
E1046,3130,I17,T08,S35,F
E1076,3130,I17,T08,S35,A
E1090,3130,I17,T08,S35,W
E1328,3130,I17,T08,S35,A
E1460,3130,I17,T08,S35,B
E1477,3130,I17,T08,S35,B
E1483,3130,I17,T08,S35,A
E1498,3130,I17,T08,S35,B
E1508,3130,I17,T08,S35,A-
E1565,3130,I17,T08,S35,C
E1597,3130,I17,T08,S35,A-
E1639,3130,I17,T08,S35,A+
E1688,3130,I17,T08,S35,C
E0003,3130,I18,T09,S14,A
E0097,3130,I18,T09,S14,D
E0111,3130,I18,T09,S14,B
E0149,3130,I18,T09,S14,B
E0161,3130,I18,T09,S14,F
E0273,3130,I18,T09,S14,B
E0502,3130,I18,T09,S14,F
E0504,3130,I18,T09,S14,C-
E0702,3130,I18,T09,S14,C
E0770,3130,I18,T09,S14,B
E0772,3130,I18,T09,S14,C
E0869,3130,I18,T09,S14,B
E0920,3130,I18,T09,S14,C
E0977,3130,I18,T09,S14,F
E1046,3130,I18,T09,S14,F
E1072,3130,I18,T09,S14,F
E1165,3130,I18,T09,S14,C
E1212,3130,I18,T09,S14,D+
E1519,3130,I18,T09,S14,D
E1558,3130,I18,T09,S14,C+
E0030,3130,I07,T09,S26,A-
E0108,3130,I07,T09,S26,B+
E0233,3130,I07,T09,S26,A-
E0251,3130,I07,T09,S26,B
E0254,3130,I07,T09,S26,B+
E0261,3130,I07,T09,S26,A+
E0269,3130,I07,T09,S26,A
E0286,3130,I07,T09,S26,B
E0304,3130,I07,T09,S26,A+
E0410,3130,I07,T09,S26,A-
E0411,3130,I07,T09,S26,A
E0417,3130,I07,T09,S26,B+
E0436,3130,I07,T09,S26,A
E0473,3130,I07,T09,S26,B-
E0478,3130,I07,T09,S26,A+
E0484,3130,I07,T09,S26,C-
E0487,3130,I07,T09,S26,A
E0622,3130,I07,T09,S26,C+
E0716,3130,I07,T09,S26,C
E0719,3130,I07,T09,S26,A
E0725,3130,I07,T09,S26,A
E0732,3130,I07,T09,S26,C
E0760,3130,I07,T09,S26,A-
E0777,3130,I07,T09,S26,A
E0787,3130,I07,T09,S26,B-
E0794,3130,I07,T09,S26,A-
E0852,3130,I07,T09,S26,B-
E0965,3130,I07,T09,S26,A
E1029,3130,I07,T09,S26,B+
E1068,3130,I07,T09,S26,C+
E1077,3130,I07,T09,S26,B-
E1091,3130,I07,T09,S26,B
E1153,3130,I07,T09,S26,B-
E1167,3130,I07,T09,S26,A
E1195,3130,I07,T09,S26,A
E1385,3130,I07,T09,S26,A
E1457,3130,I07,T09,S26,A
E1840,3130,I07,T09,S26,A+
E1844,3130,I07,T09,S26,B
E1845,3130,I07,T09,S26,A+
E0026,3130,I17,T09,S31,F
E0175,3130,I17,T09,S31,B-
E0332,3130,I17,T09,S31,B
E0372,3130,I17,T09,S31,B
E0425,3130,I17,T09,S31,F
E0450,3130,I17,T09,S31,B
E0480,3130,I17,T09,S31,F
E0568,3130,I17,T09,S31,F
E0615,3130,I17,T09,S31,F
E0624,3130,I17,T09,S31,B
E0649,3130,I17,T09,S31,W
E0692,3130,I17,T09,S31,C
E0707,3130,I17,T09,S31,C
E0756,3130,I17,T09,S31,W
E0784,3130,I17,T09,S31,B
E0939,3130,I17,T09,S31,F
E0953,3130,I17,T09,S31,W
E0962,3130,I17,T09,S31,F
E0981,3130,I17,T09,S31,B+
E1047,3130,I17,T09,S31,A
E1049,3130,I17,T09,S31,A
E1078,3130,I17,T09,S31,A
E1124,3130,I17,T09,S31,A
E1146,3130,I17,T09,S31,C
E1151,3130,I17,T09,S31,F
E1197,3130,I17,T09,S31,C
E1228,3130,I17,T09,S31,F
E1246,3130,I17,T09,S31,C
E1249,3130,I17,T09,S31,F
E1387,3130,I17,T09,S31,C
E1462,3130,I17,T09,S31,A+
E1742,3130,I17,T09,S31,A+
E1846,3130,I17,T09,S31,A
E2155,3130,I17,T09,S31,A
E2212,3130,I17,T09,S31,B+
E0100,3130,I19,T09,S35,C+
E0191,3130,I19,T09,S35,D+
E0204,3130,I19,T09,S35,B-
E0358,3130,I19,T09,S35,A-
E0421,3130,I19,T09,S35,W
E0427,3130,I19,T09,S35,B
E0458,3130,I19,T09,S35,C
E0485,3130,I19,T09,S35,F
E0601,3130,I19,T09,S35,F
E0614,3130,I19,T09,S35,B-
E0682,3130,I19,T09,S35,C+
E0751,3130,I19,T09,S35,B-
E0754,3130,I19,T09,S35,D-
E0775,3130,I19,T09,S35,C
E0785,3130,I19,T09,S35,F
E0800,3130,I19,T09,S35,F
E0836,3130,I19,T09,S35,W
E0904,3130,I19,T09,S35,D+
E0914,3130,I19,T09,S35,B
E0968,3130,I19,T09,S35,A-
E0995,3130,I19,T09,S35,B+
E1014,3130,I19,T09,S35,C+
E1092,3130,I19,T09,S35,B+
E1112,3130,I19,T09,S35,C+
E1142,3130,I19,T09,S35,D
E1143,3130,I19,T09,S35,A
E1148,3130,I19,T09,S35,B+
E1157,3130,I19,T09,S35,B-
E1163,3130,I19,T09,S35,B
E1273,3130,I19,T09,S35,A+
E1304,3130,I19,T09,S35,A-
E1388,3130,I19,T09,S35,F
E1465,3130,I19,T09,S35,A+
E1492,3130,I19,T09,S35,B
E1503,3130,I19,T09,S35,A+
E1505,3130,I19,T09,S35,A
E1521,3130,I19,T09,S35,F
E1706,3130,I19,T09,S35,A+
E1807,3130,I19,T09,S35,A
E1836,3130,I19,T09,S35,F
E0037,3130,I18,T11,S02,W
E0054,3130,I18,T11,S02,F
E0097,3130,I18,T11,S02,B
E0115,3130,I18,T11,S02,B
E0244,3130,I18,T11,S02,A
E0246,3130,I18,T11,S02,F
E0292,3130,I18,T11,S02,W
E0296,3130,I18,T11,S02,B
E0337,3130,I18,T11,S02,F
E0367,3130,I18,T11,S02,B+
E0396,3130,I18,T11,S02,A-
E0413,3130,I18,T11,S02,C
E0485,3130,I18,T11,S02,D
E0618,3130,I18,T11,S02,C
E0635,3130,I18,T11,S02,D
E0800,3130,I18,T11,S02,D
E0804,3130,I18,T11,S02,D
E0895,3130,I18,T11,S02,C
E0902,3130,I18,T11,S02,F
E0945,3130,I18,T11,S02,F
E0982,3130,I18,T11,S02,B-
E1108,3130,I18,T11,S02,B-
E1142,3130,I18,T11,S02,B
E1172,3130,I18,T11,S02,C
E1229,3130,I18,T11,S02,C
E1519,3130,I18,T11,S02,A-
E1810,3130,I18,T11,S02,WU
E1836,3130,I18,T11,S02,D
E1838,3130,I18,T11,S02,C
E2040,3130,I18,T11,S02,B+
E2125,3130,I18,T11,S02,B+
E2172,3130,I18,T11,S02,B
E2209,3130,I18,T11,S02,C
E2388,3130,I18,T11,S02,A
E0054,3130,I18,T12,S14,A
E0116,3130,I18,T12,S14,WU
E0146,3130,I18,T12,S14,F
E0161,3130,I18,T12,S14,WU
E0216,3130,I18,T12,S14,WU
E0228,3130,I18,T12,S14,B+
E0246,3130,I18,T12,S14,A-
E0271,3130,I18,T12,S14,A
E0289,3130,I18,T12,S14,B-
E0292,3130,I18,T12,S14,B+
E0329,3130,I18,T12,S14,F
E0348,3130,I18,T12,S14,C
E0425,3130,I18,T12,S14,F
E0442,3130,I18,T12,S14,B
E0484,3130,I18,T12,S14,WU
E0485,3130,I18,T12,S14,C
E0566,3130,I18,T12,S14,D
E0585,3130,I18,T12,S14,C
E0661,3130,I18,T12,S14,C
E0735,3130,I18,T12,S14,F
E0756,3130,I18,T12,S14,B-
E0939,3130,I18,T12,S14,D
E0945,3130,I18,T12,S14,A
E0977,3130,I18,T12,S14,F
E1053,3130,I18,T12,S14,B
E1063,3130,I18,T12,S14,D
E1072,3130,I18,T12,S14,B+
E1151,3130,I18,T12,S14,D
E1203,3130,I18,T12,S14,D
E1226,3130,I18,T12,S14,B-
E1289,3130,I18,T12,S14,C
E1350,3130,I18,T12,S14,D
E1480,3130,I18,T12,S14,F
E1520,3130,I18,T12,S14,C
E1606,3130,I18,T12,S14,F
E1657,3130,I18,T12,S14,F
E1810,3130,I18,T12,S14,D
E2576,3130,I18,T12,S14,F
E0062,3130,I07,T12,S26,C
E0081,3130,I07,T12,S26,B
E0133,3130,I07,T12,S26,W
E0350,3130,I07,T12,S26,B
E0354,3130,I07,T12,S26,B
E0364,3130,I07,T12,S26,A
E0421,3130,I07,T12,S26,C
E0493,3130,I07,T12,S26,C
E0516,3130,I07,T12,S26,B
E0547,3130,I07,T12,S26,A
E0548,3130,I07,T12,S26,B-
E0571,3130,I07,T12,S26,B-
E0582,3130,I07,T12,S26,C
E0601,3130,I07,T12,S26,W
E0623,3130,I07,T12,S26,B
E0718,3130,I07,T12,S26,A
E0781,3130,I07,T12,S26,A
E0785,3130,I07,T12,S26,B
E0836,3130,I07,T12,S26,C
E0904,3130,I07,T12,S26,A
E0913,3130,I07,T12,S26,B
E0915,3130,I07,T12,S26,B
E0987,3130,I07,T12,S26,C
E0992,3130,I07,T12,S26,B-
E1022,3130,I07,T12,S26,A
E1033,3130,I07,T12,S26,A
E1062,3130,I07,T12,S26,A
E1154,3130,I07,T12,S26,A
E1186,3130,I07,T12,S26,A
E1270,3130,I07,T12,S26,A
E1280,3130,I07,T12,S26,B
E1388,3130,I07,T12,S26,B
E1420,3130,I07,T12,S26,A
E1432,3130,I07,T12,S26,B
E1521,3130,I07,T12,S26,A
E1531,3130,I07,T12,S26,B
E1559,3130,I07,T12,S26,A
E1822,3130,I07,T12,S26,A
E1827,3130,I07,T12,S26,B-
E1862,3130,I07,T12,S26,A
E0031,3130,I07,T12,S31,C
E0042,3130,I07,T12,S31,W
E0072,3130,I07,T12,S31,W
E0160,3130,I07,T12,S31,A
E0191,3130,I07,T12,S31,B
E0209,3130,I07,T12,S31,C
E0230,3130,I07,T12,S31,B
E0337,3130,I07,T12,S31,A
E0343,3130,I07,T12,S31,WU
E0352,3130,I07,T12,S31,C
E0460,3130,I07,T12,S31,B
E0486,3130,I07,T12,S31,B
E0504,3130,I07,T12,S31,B
E0569,3130,I07,T12,S31,B
E0608,3130,I07,T12,S31,B
E0615,3130,I07,T12,S31,B-
E0800,3130,I07,T12,S31,C
E0857,3130,I07,T12,S31,B
E0868,3130,I07,T12,S31,A
E0885,3130,I07,T12,S31,B-
E0925,3130,I07,T12,S31,B-
E0953,3130,I07,T12,S31,B-
E0962,3130,I07,T12,S31,B
E1075,3130,I07,T12,S31,B
E1086,3130,I07,T12,S31,C
E1098,3130,I07,T12,S31,A
E1118,3130,I07,T12,S31,A
E1212,3130,I07,T12,S31,B-
E1247,3130,I07,T12,S31,C
E1288,3130,I07,T12,S31,A
E1391,3130,I07,T12,S31,B
E1400,3130,I07,T12,S31,A
E1540,3130,I07,T12,S31,B
E1676,3130,I07,T12,S31,B
E1768,3130,I07,T12,S31,A
E1801,3130,I07,T12,S31,A
E1820,3130,I07,T12,S31,A
E1836,3130,I07,T12,S31,C
E2608,3130,I07,T12,S31,C
E0202,3130,I19,T12,S35,A+
E0506,3130,I19,T12,S35,B
E0518,3130,I19,T12,S35,C+
E0530,3130,I19,T12,S35,F
E0594,3130,I19,T12,S35,C
E0686,3130,I19,T12,S35,D
E0717,3130,I19,T12,S35,B-
E0767,3130,I19,T12,S35,D
E0812,3130,I19,T12,S35,B-
E0837,3130,I19,T12,S35,C
E1013,3130,I19,T12,S35,D
E1028,3130,I19,T12,S35,A-
E1090,3130,I19,T12,S35,A
E1094,3130,I19,T12,S35,B
E1103,3130,I19,T12,S35,B
E1106,3130,I19,T12,S35,A+
E1145,3130,I19,T12,S35,D
E1208,3130,I19,T12,S35,C
E1228,3130,I19,T12,S35,F
E1249,3130,I19,T12,S35,C
E1250,3130,I19,T12,S35,B-
E1258,3130,I19,T12,S35,F
E1271,3130,I19,T12,S35,B
E1442,3130,I19,T12,S35,C
E1459,3130,I19,T12,S35,A+
E1466,3130,I19,T12,S35,A
E1485,3130,I19,T12,S35,B+
E1495,3130,I19,T12,S35,A+
E1500,3130,I19,T12,S35,C
E1526,3130,I19,T12,S35,B-
E1549,3130,I19,T12,S35,F
E1552,3130,I19,T12,S35,B
E1619,3130,I19,T12,S35,B
E1653,3130,I19,T12,S35,C
E1694,3130,I19,T12,S35,B
E1729,3130,I19,T12,S35,A+
E1746,3130,I19,T12,S35,B-
E2052,3130,I19,T12,S35,A-
E2073,3130,I19,T12,S35,A-
E0075,3130,I18,T13,S14,B
E0116,3130,I18,T13,S14,WU
E0146,3130,I18,T13,S14,B
E0216,3130,I18,T13,S14,W
E0221,3130,I18,T13,S14,F
E0240,3130,I18,T13,S14,CR
E0343,3130,I18,T13,S14,WD
E0425,3130,I18,T13,S14,B+
E0432,3130,I18,T13,S14,CR
E0441,3130,I18,T13,S14,CR
E0467,3130,I18,T13,S14,A-
E0484,3130,I18,T13,S14,CR
E0489,3130,I18,T13,S14,D
E0494,3130,I18,T13,S14,NC
E0550,3130,I18,T13,S14,CR
E0589,3130,I18,T13,S14,W
E0630,3130,I18,T13,S14,B+
E0686,3130,I18,T13,S14,B
E0848,3130,I18,T13,S14,C
E0897,3130,I18,T13,S14,C
E0939,3130,I18,T13,S14,CR
E1063,3130,I18,T13,S14,A
E1350,3130,I18,T13,S14,B
E1375,3130,I18,T13,S14,A-
E1395,3130,I18,T13,S14,C+
E1397,3130,I18,T13,S14,B
E1637,3130,I18,T13,S14,NC
E1810,3130,I18,T13,S14,C
E1967,3130,I18,T13,S14,CR
E1996,3130,I18,T13,S14,C
E2099,3130,I18,T13,S14,CR
E2104,3130,I18,T13,S14,CR
E2215,3130,I18,T13,S14,A+
E2225,3130,I18,T13,S14,B+
E2248,3130,I18,T13,S14,B-
E2621,3130,I18,T13,S14,CR
E0002,3130,I07,T13,S26,B
E0107,3130,I07,T13,S26,W
E0195,3130,I07,T13,S26,CR
E0387,3130,I07,T13,S26,B
E0438,3130,I07,T13,S26,B
E0576,3130,I07,T13,S26,B
E0635,3130,I07,T13,S26,B
E0735,3130,I07,T13,S26,B
E0767,3130,I07,T13,S26,B
E0768,3130,I07,T13,S26,W
E1011,3130,I07,T13,S26,B
E1057,3130,I07,T13,S26,CR
E1203,3130,I07,T13,S26,A
E1207,3130,I07,T13,S26,A
E1256,3130,I07,T13,S26,B
E1267,3130,I07,T13,S26,C
E1324,3130,I07,T13,S26,A
E1370,3130,I07,T13,S26,C
E1423,3130,I07,T13,S26,B
E1478,3130,I07,T13,S26,A
E1562,3130,I07,T13,S26,W
E1650,3130,I07,T13,S26,CR
E1657,3130,I07,T13,S26,A
E1658,3130,I07,T13,S26,B
E1669,3130,I07,T13,S26,C
E1702,3130,I07,T13,S26,CR
E1755,3130,I07,T13,S26,A
E1817,3130,I07,T13,S26,CR
E1834,3130,I07,T13,S26,B
E1988,3130,I07,T13,S26,A
E2008,3130,I07,T13,S26,B
E2014,3130,I07,T13,S26,CR
E2083,3130,I07,T13,S26,A
E2096,3130,I07,T13,S26,A
E2109,3130,I07,T13,S26,CR
E2164,3130,I07,T13,S26,A
E2171,3130,I07,T13,S26,A
E2174,3130,I07,T13,S26,A
E2211,3130,I07,T13,S26,A
E2372,3130,I07,T13,S26,W
E0480,3130,I07,T13,S31,C
E0530,3130,I07,T13,S31,B
E0566,3130,I07,T13,S31,CR
E0567,3130,I07,T13,S31,A
E0577,3130,I07,T13,S31,B
E0599,3130,I07,T13,S31,C
E0646,3130,I07,T13,S31,B
E0680,3130,I07,T13,S31,W
E0681,3130,I07,T13,S31,B
E0703,3130,I07,T13,S31,A
E0714,3130,I07,T13,S31,B
E0746,3130,I07,T13,S31,A
E0846,3130,I07,T13,S31,B
E0886,3130,I07,T13,S31,CR
E0918,3130,I07,T13,S31,A
E0933,3130,I07,T13,S31,B
E0951,3130,I07,T13,S31,A
E0971,3130,I07,T13,S31,A
E1008,3130,I07,T13,S31,B
E1013,3130,I07,T13,S31,B
E1140,3130,I07,T13,S31,B
E1176,3130,I07,T13,S31,B
E1191,3130,I07,T13,S31,B
E1228,3130,I07,T13,S31,CR
E1237,3130,I07,T13,S31,C
E1254,3130,I07,T13,S31,A
E1258,3130,I07,T13,S31,B
E1299,3130,I07,T13,S31,A
E1409,3130,I07,T13,S31,B
E1461,3130,I07,T13,S31,B
E1523,3130,I07,T13,S31,A
E1842,3130,I07,T13,S31,A
E1852,3130,I07,T13,S31,A
E2130,3130,I07,T13,S31,A
E2138,3130,I07,T13,S31,A
E2188,3130,I07,T13,S31,B
E2195,3130,I07,T13,S31,B
E2196,3130,I07,T13,S31,A
E2226,3130,I07,T13,S31,A
E2228,3130,I07,T13,S31,A
E0005,3130,I07,T13,S35,A
E0042,3130,I07,T13,S35,A
E0061,3130,I07,T13,S35,A
E0262,3130,I07,T13,S35,A
E0340,3130,I07,T13,S35,A
E0453,3130,I07,T13,S35,A
E0470,3130,I07,T13,S35,W
E0664,3130,I07,T13,S35,A
E0754,3130,I07,T13,S35,C
E0769,3130,I07,T13,S35,B
E0804,3130,I07,T13,S35,B
E0838,3130,I07,T13,S35,A-
E0871,3130,I07,T13,S35,B
E0902,3130,I07,T13,S35,B
E0917,3130,I07,T13,S35,CR
E1046,3130,I07,T13,S35,A-
E1050,3130,I07,T13,S35,CR
E1133,3130,I07,T13,S35,A-
E1134,3130,I07,T13,S35,CR
E1145,3130,I07,T13,S35,B
E1151,3130,I07,T13,S35,B
E1404,3130,I07,T13,S35,B
E1426,3130,I07,T13,S35,C
E1578,3130,I07,T13,S35,B
E1582,3130,I07,T13,S35,C
E1804,3130,I07,T13,S35,A+
E1999,3130,I07,T13,S35,A+
E2021,3130,I07,T13,S35,A+
E2023,3130,I07,T13,S35,A
E2032,3130,I07,T13,S35,CR
E2069,3130,I07,T13,S35,B
E2129,3130,I07,T13,S35,B
E2203,3130,I07,T13,S35,WU
E2205,3130,I07,T13,S35,A
E2214,3130,I07,T13,S35,A+
E2369,3130,I07,T13,S35,CR
E2584,3130,I07,T13,S35,A
E2624,3130,I07,T13,S35,B
E0024,3130,I18,T15,S03,WU
E0050,3130,I18,T15,S03,B
E0059,3130,I18,T15,S03,C
E0155,3130,I18,T15,S03,F
E0176,3130,I18,T15,S03,A-
E0192,3130,I18,T15,S03,WD
E0221,3130,I18,T15,S03,F
E0327,3130,I18,T15,S03,C
E0373,3130,I18,T15,S03,B-
E0474,3130,I18,T15,S03,A
E0483,3130,I18,T15,S03,F
E0558,3130,I18,T15,S03,B+
E0709,3130,I18,T15,S03,B
E0768,3130,I18,T15,S03,B-
E0803,3130,I18,T15,S03,C
E0901,3130,I18,T15,S03,C+
E0910,3130,I18,T15,S03,D
E0999,3130,I18,T15,S03,C
E1057,3130,I18,T15,S03,B
E1100,3130,I18,T15,S03,C
E1102,3130,I18,T15,S03,F
E1209,3130,I18,T15,S03,F
E1239,3130,I18,T15,S03,A-
E1264,3130,I18,T15,S03,C
E1265,3130,I18,T15,S03,B
E1376,3130,I18,T15,S03,A
E1415,3130,I18,T15,S03,B
E1487,3130,I18,T15,S03,F
E1608,3130,I18,T15,S03,WD
E1672,3130,I18,T15,S03,A-
E1833,3130,I18,T15,S03,W
E2006,3130,I18,T15,S03,C
E2193,3130,I18,T15,S03,B
E2252,3130,I18,T15,S03,C
E2349,3130,I18,T15,S03,D
E0024,3130,I18,T16,S14,W
E0186,3130,I18,T16,S14,C
E0243,3130,I18,T16,S14,W
E0343,3130,I18,T16,S14,C
E0371,3130,I18,T16,S14,W
E0380,3130,I18,T16,S14,W
E0412,3130,I18,T16,S14,W
E0471,3130,I18,T16,S14,C
E0494,3130,I18,T16,S14,W
E0617,3130,I18,T16,S14,W
E0628,3130,I18,T16,S14,F
E0708,3130,I18,T16,S14,W
E0748,3130,I18,T16,S14,B
E0749,3130,I18,T16,S14,B-
E0829,3130,I18,T16,S14,B-
E0874,3130,I18,T16,S14,W
E0926,3130,I18,T16,S14,A
E1009,3130,I18,T16,S14,C
E1040,3130,I18,T16,S14,W
E1152,3130,I18,T16,S14,W
E1200,3130,I18,T16,S14,B-
E1217,3130,I18,T16,S14,W
E1259,3130,I18,T16,S14,B
E1334,3130,I18,T16,S14,A
E1504,3130,I18,T16,S14,C
E1606,3130,I18,T16,S14,B-
E1608,3130,I18,T16,S14,C
E1654,3130,I18,T16,S14,F
E1661,3130,I18,T16,S14,B
E2066,3130,I18,T16,S14,W
E2097,3130,I18,T16,S14,C
E2158,3130,I18,T16,S14,A-
E2177,3130,I18,T16,S14,W
E2178,3130,I18,T16,S14,W
E2203,3130,I18,T16,S14,W
E2255,3130,I18,T16,S14,W
E2267,3130,I18,T16,S14,W
E2393,3130,I18,T16,S14,F
E2550,3130,I18,T16,S14,W
E2633,3130,I18,T16,S14,B+
E0221,3130,I07,T16,S26,C
E0245,3130,I07,T16,S26,B
E0511,3130,I07,T16,S26,A
E0565,3130,I07,T16,S26,B
E0666,3130,I07,T16,S26,B
E0817,3130,I07,T16,S26,C
E0936,3130,I07,T16,S26,B
E0986,3130,I07,T16,S26,C
E1010,3130,I07,T16,S26,C
E1043,3130,I07,T16,S26,A
E1102,3130,I07,T16,S26,B
E1188,3130,I07,T16,S26,A
E1196,3130,I07,T16,S26,B
E1225,3130,I07,T16,S26,A
E1300,3130,I07,T16,S26,A
E1313,3130,I07,T16,S26,B
E1319,3130,I07,T16,S26,B
E1344,3130,I07,T16,S26,A
E1437,3130,I07,T16,S26,B
E1480,3130,I07,T16,S26,B
E1562,3130,I07,T16,S26,W
E1571,3130,I07,T16,S26,C
E1618,3130,I07,T16,S26,B-
E1630,3130,I07,T16,S26,B
E1740,3130,I07,T16,S26,A
E1751,3130,I07,T16,S26,B
E1868,3130,I07,T16,S26,B
E1916,3130,I07,T16,S26,A
E1925,3130,I07,T16,S26,B
E2004,3130,I07,T16,S26,C
E2050,3130,I07,T16,S26,WD
E2119,3130,I07,T16,S26,B
E2265,3130,I07,T16,S26,A
E2291,3130,I07,T16,S26,A
E2346,3130,I07,T16,S26,A
E2375,3130,I07,T16,S26,A
E2533,3130,I07,T16,S26,A
E2538,3130,I07,T16,S26,A
E2563,3130,I07,T16,S26,A
E0121,3130,I19,T16,S31,A-
E0580,3130,I19,T16,S31,W
E0662,3130,I19,T16,S31,W
E0924,3130,I19,T16,S31,A-
E1000,3130,I19,T16,S31,D
E1027,3130,I19,T16,S31,B-
E1139,3130,I19,T16,S31,A
E1340,3130,I19,T16,S31,A
E1348,3130,I19,T16,S31,A+
E1356,3130,I19,T16,S31,F
E1401,3130,I19,T16,S31,C+
E1427,3130,I19,T16,S31,A
E1433,3130,I19,T16,S31,B+
E1444,3130,I19,T16,S31,W
E1445,3130,I19,T16,S31,B+
E1628,3130,I19,T16,S31,A-
E1656,3130,I19,T16,S31,B+
E1703,3130,I19,T16,S31,F
E1741,3130,I19,T16,S31,A+
E1790,3130,I19,T16,S31,C
E1823,3130,I19,T16,S31,A-
E1851,3130,I19,T16,S31,C
E1912,3130,I19,T16,S31,B-
E1978,3130,I19,T16,S31,A+
E1989,3130,I19,T16,S31,A+
E2002,3130,I19,T16,S31,C+
E2003,3130,I19,T16,S31,C+
E2053,3130,I19,T16,S31,A+
E2078,3130,I19,T16,S31,A+
E2081,3130,I19,T16,S31,B+
E2101,3130,I19,T16,S31,B+
E2147,3130,I19,T16,S31,B+
E2154,3130,I19,T16,S31,C+
E2199,3130,I19,T16,S31,B+
E2200,3130,I19,T16,S31,A
E2257,3130,I19,T16,S31,A+
E2340,3130,I19,T16,S31,A
E2362,3130,I19,T16,S31,A+
E2366,3130,I19,T16,S31,A-
E2611,3130,I19,T16,S31,B+
E0014,3130,I07,T16,S35,A
E0032,3130,I07,T16,S35,W
E0120,3130,I07,T16,S35,F
E0203,3130,I07,T16,S35,B
E0386,3130,I07,T16,S35,W
E0483,3130,I07,T16,S35,B
E0607,3130,I07,T16,S35,B
E0763,3130,I07,T16,S35,A
E0807,3130,I07,T16,S35,F
E0892,3130,I07,T16,S35,B-
E0907,3130,I07,T16,S35,C
E0910,3130,I07,T16,S35,W
E0928,3130,I07,T16,S35,C
E0967,3130,I07,T16,S35,F
E0991,3130,I07,T16,S35,A
E1019,3130,I07,T16,S35,B
E1170,3130,I07,T16,S35,C
E1214,3130,I07,T16,S35,C
E1318,3130,I07,T16,S35,A
E1325,3130,I07,T16,S35,B
E1487,3130,I07,T16,S35,B-
E1547,3130,I07,T16,S35,B
E1549,3130,I07,T16,S35,B
E1583,3130,I07,T16,S35,C
E1611,3130,I07,T16,S35,C
E1637,3130,I07,T16,S35,C
E1713,3130,I07,T16,S35,A
E1821,3130,I07,T16,S35,B
E1882,3130,I07,T16,S35,A
E1888,3130,I07,T16,S35,C
E1900,3130,I07,T16,S35,B-
E1901,3130,I07,T16,S35,B
E1918,3130,I07,T16,S35,A
E1930,3130,I07,T16,S35,A
E2031,3130,I07,T16,S35,B
E2219,3130,I07,T16,S35,A
E2224,3130,I07,T16,S35,C
E2233,3130,I07,T16,S35,B-
E2350,3130,I07,T16,S35,A
E2387,3130,I07,T16,S35,A
E0016,3130,I18,T17,S14,W
E0120,3130,I18,T17,S14,W
E0190,3130,I18,T17,S14,W
E0216,3130,I18,T17,S14,W
E0243,3130,I18,T17,S14,W
E0253,3130,I18,T17,S14,W
E0612,3130,I18,T17,S14,WU
E0628,3130,I18,T17,S14,B-
E0642,3130,I18,T17,S14,C+
E0658,3130,I18,T17,S14,W
E0690,3130,I18,T17,S14,W
E0713,3130,I18,T17,S14,C
E0870,3130,I18,T17,S14,C
E0874,3130,I18,T17,S14,W
E0899,3130,I18,T17,S14,W
E1000,3130,I18,T17,S14,F
E1020,3130,I18,T17,S14,C
E1040,3130,I18,T17,S14,C
E1083,3130,I18,T17,S14,B
E1281,3130,I18,T17,S14,C
E1514,3130,I18,T17,S14,B
E1625,3130,I18,T17,S14,A-
E1709,3130,I18,T17,S14,B
E1769,3130,I18,T17,S14,D
E1850,3130,I18,T17,S14,B+
E1910,3130,I18,T17,S14,C
E1955,3130,I18,T17,S14,W
E1972,3130,I18,T17,S14,B-
E2034,3130,I18,T17,S14,A-
E2177,3130,I18,T17,S14,C-
E2255,3130,I18,T17,S14,F
E2267,3130,I18,T17,S14,F
E2359,3130,I18,T17,S14,A
E2393,3130,I18,T17,S14,B
E2561,3130,I18,T17,S14,WU
E2605,3130,I18,T17,S14,C-
E2672,3130,I18,T17,S14,A
E0137,3130,I27,T17,S26,B+
E0330,3130,I27,T17,S26,B+
E0695,3130,I27,T17,S26,A-
E0708,3130,I27,T17,S26,W
E0722,3130,I27,T17,S26,W
E0929,3130,I27,T17,S26,A-
E0931,3130,I27,T17,S26,W
E1137,3130,I27,T17,S26,A-
E1365,3130,I27,T17,S26,A-
E1367,3130,I27,T17,S26,B
E1425,3130,I27,T17,S26,A-
E1428,3130,I27,T17,S26,B
E1436,3130,I27,T17,S26,B+
E1562,3130,I27,T17,S26,W
E1632,3130,I27,T17,S26,A
E1696,3130,I27,T17,S26,A
E1719,3130,I27,T17,S26,A
E1728,3130,I27,T17,S26,B
E1770,3130,I27,T17,S26,B+
E1792,3130,I27,T17,S26,C-
E1814,3130,I27,T17,S26,B+
E1878,3130,I27,T17,S26,B+
E1917,3130,I27,T17,S26,A-
E2015,3130,I27,T17,S26,B
E2046,3130,I27,T17,S26,A
E2051,3130,I27,T17,S26,C+
E2120,3130,I27,T17,S26,F
E2192,3130,I27,T17,S26,A-
E2204,3130,I27,T17,S26,C+
E2275,3130,I27,T17,S26,A
E2300,3130,I27,T17,S26,A
E2314,3130,I27,T17,S26,W
E2363,3130,I27,T17,S26,A
E2381,3130,I27,T17,S26,A-
E2405,3130,I27,T17,S26,A
E2547,3130,I27,T17,S26,A
E2559,3130,I27,T17,S26,A-
E2562,3130,I27,T17,S26,W
E2586,3130,I27,T17,S26,B
E2619,3130,I27,T17,S26,B+
E0144,3130,I19,T17,S31,A
E0153,3130,I19,T17,S31,C
E0312,3130,I19,T17,S31,C
E0380,3130,I19,T17,S31,W
E0428,3130,I19,T17,S31,B-
E0494,3130,I19,T17,S31,C+
E0561,3130,I19,T17,S31,A-
E0967,3130,I19,T17,S31,C
E0990,3130,I19,T17,S31,C+
E1193,3130,I19,T17,S31,B-
E1323,3130,I19,T17,S31,C
E1341,3130,I19,T17,S31,C
E1366,3130,I19,T17,S31,B-
E1434,3130,I19,T17,S31,B
E1438,3130,I19,T17,S31,A-
E1439,3130,I19,T17,S31,C
E1539,3130,I19,T17,S31,B
E1544,3130,I19,T17,S31,B
E1609,3130,I19,T17,S31,C
E1654,3130,I19,T17,S31,C+
E1717,3130,I19,T17,S31,B-
E1761,3130,I19,T17,S31,B
E1772,3130,I19,T17,S31,D
E1798,3130,I19,T17,S31,A
E1937,3130,I19,T17,S31,B-
E2066,3130,I19,T17,S31,F
E2114,3130,I19,T17,S31,C
E2149,3130,I19,T17,S31,A-
E2203,3130,I19,T17,S31,C+
E2250,3130,I19,T17,S31,D
E2256,3130,I19,T17,S31,A
E2258,3130,I19,T17,S31,C
E2290,3130,I19,T17,S31,B-
E2302,3130,I19,T17,S31,A
E2329,3130,I19,T17,S31,B
E2371,3130,I19,T17,S31,A+
E2373,3130,I19,T17,S31,W
E2536,3130,I19,T17,S31,C
E2590,3130,I19,T17,S31,A+
E2651,3130,I19,T17,S31,A-
E0047,3130,I03,T17,S35,B
E0098,3130,I03,T17,S35,INC
E0264,3130,I03,T17,S35,A
E0272,3130,I03,T17,S35,B-
E0307,3130,I03,T17,S35,A-
E0341,3130,I03,T17,S35,F
E0526,3130,I03,T17,S35,B-
E0589,3130,I03,T17,S35,C
E0680,3130,I03,T17,S35,B-
E1322,3130,I03,T17,S35,B
E1330,3130,I03,T17,S35,B
E1356,3130,I03,T17,S35,C
E1379,3130,I03,T17,S35,A
E1410,3130,I03,T17,S35,B
E1580,3130,I03,T17,S35,C+
E1616,3130,I03,T17,S35,A-
E1622,3130,I03,T17,S35,A
E1635,3130,I03,T17,S35,A-
E1642,3130,I03,T17,S35,C+
E1644,3130,I03,T17,S35,W
E1716,3130,I03,T17,S35,B+
E1847,3130,I03,T17,S35,A-
E1894,3130,I03,T17,S35,A+
E1990,3130,I03,T17,S35,A
E1992,3130,I03,T17,S35,C+
E2159,3130,I03,T17,S35,B+
E2178,3130,I03,T17,S35,A+
E2259,3130,I03,T17,S35,B+
E2278,3130,I03,T17,S35,INC
E2282,3130,I03,T17,S35,B+
E2292,3130,I03,T17,S35,A+
E2333,3130,I03,T17,S35,A
E2354,3130,I03,T17,S35,A+
E2364,3130,I03,T17,S35,A
E2374,3130,I03,T17,S35,A+
E2386,3130,I03,T17,S35,A+
E2413,3130,I03,T17,S35,B-
E2426,3130,I03,T17,S35,B-
E2529,3130,I03,T17,S35,A
E2680,3130,I03,T17,S35,A+
E0012,3130,I18,T19,S02,W
E0071,3130,I18,T19,S02,C
E0101,3130,I18,T19,S02,D+
E0371,3130,I18,T19,S02,C+
E0409,3130,I18,T19,S02,WU
E0631,3130,I18,T19,S02,A-
E0843,3130,I18,T19,S02,A
E0922,3130,I18,T19,S02,B
E0943,3130,I18,T19,S02,B+
E0949,3130,I18,T19,S02,F
E1302,3130,I18,T19,S02,C
E1316,3130,I18,T19,S02,B
E1512,3130,I18,T19,S02,C
E1577,3130,I18,T19,S02,W
E1984,3130,I18,T19,S02,A
E2084,3130,I18,T19,S02,C
E2113,3130,I18,T19,S02,F
E2133,3130,I18,T19,S02,C
E2338,3130,I18,T19,S02,A
E2747,3130,I18,T19,S02,C
E2748,3130,I18,T19,S02,B-
E2763,3130,I18,T19,S02,D+
E2764,3130,I18,T19,S02,A
E2799,3130,I18,T19,S02,B
E2812,3130,I18,T19,S02,B+